lastmod,title,url
" This page was last edited on 19 May 2023, at 00:22",Glassdoor - Wikipedia,https://en.wikipedia.org/wiki/Glassdoor
" This page was last edited on 19 March 2023, at 23:16",Organizational founder - Wikipedia,https://en.wikipedia.org/wiki/Organizational_founder
" This page was last edited on 5 October 2022, at 19:27","Wikipedia, the free encyclopedia",https://en.wikipedia.org/wiki/Main_Page
" This page was last edited on 17 January 2023, at 03:53",Robert Hohman - Wikipedia,https://en.wikipedia.org/wiki/Robert_Hohman
" This page was last edited on 25 June 2023, at 13:34",Employment website - Wikipedia,https://en.wikipedia.org/wiki/Job_search_engine
" This page was last edited on 5 May 2023, at 05:59",50 Beale Street - Wikipedia,https://en.wikipedia.org/wiki/50_Beale_Street
" This page was last edited on 27 June 2023, at 10:37",Subsidiary - Wikipedia,https://en.wikipedia.org/wiki/Subsidiary
" This page was last edited on 22 June 2023, at 17:06",Review site - Wikipedia,https://en.wikipedia.org/wiki/Review_site
" This page was last edited on 20 November 2022, at 06:22",Rich Barton - Wikipedia,https://en.wikipedia.org/wiki/Rich_Barton
" This page was last edited on 23 November 2022, at 13:27",Tim Besse - Wikipedia,https://en.wikipedia.org/wiki/Tim_Besse
" This page was last edited on 1 July 2023, at 00:43",Multilingualism - Wikipedia,https://en.wikipedia.org/wiki/Multilingual
" This page was last edited on 11 June 2023, at 03:11",Service (economics) - Wikipedia,https://en.wikipedia.org/wiki/Service_(economics)
" This page was last edited on 20 April 2023, at 03:55",Recruit (company) - Wikipedia,https://en.wikipedia.org/wiki/Recruit_(company)
" This page was last edited on 3 July 2023, at 10:42",Bloomberg Businessweek - Wikipedia,https://en.wikipedia.org/wiki/BusinessWeek
" This page was last edited on 6 July 2023, at 15:54",Calgary Herald - Wikipedia,https://en.wikipedia.org/wiki/Calgary_Herald
" This page was last edited on 5 July 2023, at 23:17",Holding company - Wikipedia,https://en.wikipedia.org/wiki/Holding_company
" This page was last edited on 6 July 2023, at 21:49",Internet - Wikipedia,https://en.wikipedia.org/wiki/Internet
" This page was last edited on 4 July 2023, at 16:29",San Francisco - Wikipedia,"https://en.wikipedia.org/wiki/San_Francisco,_California"
" This page was last edited on 2 July 2023, at 04:35",The Daily Telegraph - Wikipedia,https://en.wikipedia.org/wiki/Daily_Telegraph
" This page was last edited on 16 June 2023, at 20:31",ISBN - Wikipedia,https://en.wikipedia.org/wiki/ISBN_(identifier)
" This page was last edited on 7 July 2023, at 10:47",Intellectual property - Wikipedia,https://en.wikipedia.org/wiki/Intellectual_property
" This page was last edited on 7 July 2023, at 15:04",U.S. Securities and Exchange Commission - Wikipedia,https://en.wikipedia.org/wiki/U.S._Securities_and_Exchange_Commission
" This page was last edited on 1 July 2023, at 14:16",Wikipedia - Wikipedia,https://en.wikipedia.org/wiki/Wikipedia
